"Date","Close","Volume","Change","Ch(%)","Value(cr)","Trade","Open","High","Low"
"1748931621000","18.2","41685","-0.30","-1.62","0.0767","58","18.4","18.6","18.2"
"1748800800000","18.5","161627","0","0","0.29769999999999996","218","18.5","18.8","18.3"
"1748714400000","18.5","219018","-0.1999999999999993","-1.0695187165775364","0.40590000000000004","245","18.6","18.7","18.4"
"1748455200000","18.7","343285","0.1999999999999993","1.0810810810810774","0.6353","286","18.4","18.8","18.1"
"1748368800000","18.5","351210","-0.3000000000000007","-1.5957446808510676","0.6491","286","19","19.2","18.1"
"1748282400000","18.8","311727","-0.1999999999999993","-1.0526315789473648","0.5989","362","19.7","19.8","18.8"
"1748196000000","19","566889","0.5","2.7027027027027026","1.0718","416","18.7","19.5","18.6"
"1748109600000","18.5","178681","0","0","0.329","180","18.5","18.8","18.2"
"1748023200000","18.5","211375","-0.1999999999999993","-1.0695187165775364","0.3937","241","18.6","18.8","18.3"
"1747850400000","18.7","374731","-0.10000000000000142","-0.5319148936170288","0.7077","349","18.2","19.3","17.8"
"1747764000000","18.8","220371","0.3000000000000007","1.6216216216216255","0.41269999999999996","259","18.4","19","18.4"
"1747677600000","18.5","187621","0.3000000000000007","1.6483516483516523","0.34609999999999996","185","18.3","18.7","18.1"
"1747591200000","18.2","195653","0.09999999999999787","0.552486187845292","0.3552","245","18.2","18.4","17.9"
"1747504800000","18.1","374237","0","0","0.688","409","18.3","18.7","17.9"
"1747418400000","18.1","186001","0.20000000000000284","1.1173184357542059","0.3324","236","18.3","18.3","17.5"
"1747245600000","17.9","309672","-0.5","-2.717391304347826","0.5613","316","18.6","18.7","17.6"
"1747159200000","18.4","142349","-0.3000000000000007","-1.6042780748663141","0.2645","208","18.4","19","18.3"
"1747072800000","18.7","128640","-0.1999999999999993","-1.0582010582010546","0.2428","199","19.1","19.2","18.6"
"1746986400000","18.9","383059","-0.5","-2.577319587628866","0.7331000000000001","441","19.4","19.8","18.4"
"1746640800000","19.4","215036","0.8999999999999986","4.864864864864858","0.4145","247","18.2","19.6","18.2"
"1746554400000","18.5","462161","-1.3000000000000007","-6.565656565656569","0.8698","443","19.5","19.5","18.4"
"1746468000000","19.8","341007","-0.5999999999999979","-2.9411764705882253","0.6848","391","20.1","20.5","19.6"
"1746381600000","20.4","372103","-0.40000000000000213","-1.9230769230769333","0.7625","329","20.7","20.9","20.2"
"1746295200000","20.8","629885","1.4000000000000021","7.216494845360836","1.2712999999999999","635","19.7","20.9","19.5"
"1745949600000","19.4","283927","0.09999999999999787","0.5181347150258957","0.5524","319","19.1","19.7","19.1"
"1745863200000","19.3","258213","0.10000000000000142","0.5208333333333408","0.5009","420","19.2","19.7","19"
"1745776800000","19.2","408112","-0.6000000000000014","-3.0303030303030374","0.7891","697","20","20.1","19"
"1745690400000","19.8","686734","-0.8000000000000007","-3.883495145631071","1.3247","800","20.6","20.6","18.8"
"1745431200000","20.6","239396","-0.6999999999999993","-3.2863849765258184","0.5012","295","21.2","21.4","20.5"
"1745344800000","21.3","294082","0.10000000000000142","0.4716981132075539","0.6261","293","21.4","21.6","21.2"
"1745258400000","21.2","310573","-0.3000000000000007","-1.3953488372093057","0.6584","285","21.5","21.7","20.9"
"1745172000000","21.5","354236","-0.5","-2.272727272727273","0.7686","382","22","22.2","21.4"
"1745085600000","22","180700","-0.3000000000000007","-1.345291479820631","0.39849999999999997","240","22.3","22.4","21.9"
"1744826400000","22.3","198639","0.10000000000000142","0.45045045045045684","0.4422","187","22","22.5","22"
"1744740000000","22.2","276499","-0.10000000000000142","-0.44843049327354895","0.6154","315","22.3","22.7","22"
"1744653600000","22.3","441571","-0.8999999999999986","-3.87931034482758","1.0025","519","23.1","23.2","22.2"
"1744480800000","23.2","434307","-0.3000000000000007","-1.276595744680854","1.0125","384","23.8","23.8","23.1"
"1744221600000","23.5","404193","-0.10000000000000142","-0.423728813559328","0.9522","361","23.6","23.9","23.4"
"1744135200000","23.6","807859","0.10000000000000142","0.4255319148936231","1.9056000000000002","584","23.7","23.9","23.3"
"1744048800000","23.5","517095","-0.3000000000000007","-1.2605042016806753","1.2197","386","24","24","23.4"
"1743962400000","23.8","834659","0.10000000000000142","0.42194092827004825","1.9952","533","23.7","24.2","23.7"
"1743876000000","23.7","513003","-0.10000000000000142","-0.4201680672268967","1.2099","448","23.6","23.9","23.3"
"1743012000000","23.8","479222","-0.3000000000000007","-1.2448132780083017","1.1439","258","24.2","24.2","23.6"
"1742839200000","24.1","496669","0.5","2.11864406779661","1.1892","357","23.6","24.2","23.6"
"1742752800000","23.6","541652","-0.1999999999999993","-0.8403361344537785","1.2837999999999998","464","23.8","24","23.4"
"1742666400000","23.8","494259","-0.1999999999999993","-0.8333333333333304","1.1763","448","24","24.2","23.7"
"1742407200000","24","1073008","0.3999999999999986","1.6949152542372818","2.5803000000000003","747","23.5","24.4","23"
"1742320800000","23.6","624423","-0.1999999999999993","-0.8403361344537785","1.4727999999999999","488","24","24","23"
"1742234400000","23.8","662897","-0.1999999999999993","-0.8333333333333304","1.5837999999999999","396","24.2","24.2","23.7"
"1742148000000","24","779555","-0.3000000000000007","-1.2345679012345707","1.8850000000000002","536","24","24.6","23.9"
"1742061600000","24.3","877786","0.40000000000000213","1.6736401673640255","2.1197","623","23.2","24.4","23.2"
"1741802400000","23.9","917144","0.3999999999999986","1.7021276595744619","2.2004","737","23.8","24.3","23.7"
"1741716000000","23.5","520220","0.1999999999999993","0.8583690987124433","1.2234","432","23.7","23.7","23.2"
"1741629600000","23.3","535348","-0.09999999999999787","-0.4273504273504183","1.251","424","23.5","23.7","23.2"
"1741543200000","23.4","396540","0.1999999999999993","0.8620689655172384","0.9198999999999999","270","22.9","23.5","22.9"
"1741456800000","23.2","407093","-0.40000000000000213","-1.6949152542372972","0.9494999999999999","309","23.5","23.9","23.1"
"1741197600000","23.6","344347","-0.29999999999999716","-1.2552301255230007","0.8196","352","24.2","24.3","23.5"
"1741111200000","23.9","384783","0","0","0.9189","300","23.9","24.2","23.6"
"1741024800000","23.9","359094","-0.3000000000000007","-1.2396694214876063","0.8627","323","24","24.4","23.8"
"1740938400000","24.2","921468","-0.6000000000000014","-2.4193548387096833","2.2408","557","24.8","24.8","24.1"
"1740852000000","24.8","665579","-0.1999999999999993","-0.7999999999999973","1.6533000000000002","428","25.2","25.2","24.6"
"1740592800000","25","1444726","0.3999999999999986","1.6260162601625958","3.5917000000000003","861","24.7","25.2","24.5"
"1740506400000","24.6","1429598","-0.3999999999999986","-1.5999999999999945","3.5421","905","25","25.3","24.5"
"1740420000000","25","2709695","0.8000000000000007","3.305785123966945","6.6934","1456","24.4","25.4","24.2"
"1740333600000","24.2","1576509","0.3999999999999986","1.680672268907557","3.8052","835","24","24.3","23.8"
"1740247200000","23.8","1630170","-0.5999999999999979","-2.459016393442614","3.915","994","24.4","24.5","23.7"
"1739988000000","24.4","1859414","0.09999999999999787","0.41152263374484715","4.5641","1138","24.5","24.9","24.3"
"1739901600000","24.3","1586901","0.10000000000000142","0.41322314049587366","3.8171","1103","24","24.4","23.8"
"1739815200000","24.2","3298373","1.0999999999999979","4.761904761904753","7.8772","2134","23.1","24.5","22.9"
"1739728800000","23.1","703526","-0.1999999999999993","-0.8583690987124433","1.6239999999999999","714","23.4","23.5","22.8"
"1739642400000","23.3","2350525","0.6000000000000014","2.643171806167407","5.4792000000000005","1723","22.8","23.7","22.6"
"1739383200000","22.7","455743","0.09999999999999787","0.4424778761061852","1.0318","611","22.5","22.8","22.5"
"1739296800000","22.6","891948","-0.3999999999999986","-1.7391304347826024","2.0319","662","23.1","23.2","22.5"
"1739210400000","23","1602346","1","4.545454545454546","3.6734","1392","22.1","23.3","22.1"
"1739124000000","22","851554","0","0","1.8675000000000002","874","22.2","22.3","21.7"
"1739037600000","22","368892","-0.3999999999999986","-1.7857142857142794","0.8150000000000001","649","22.3","22.4","21.9"
"1738778400000","22.4","754840","-0.10000000000000142","-0.44444444444445075","1.7121","829","22.7","23.2","22.1"
"1738692000000","22.5","1378984","1","4.651162790697675","3.0476","1279","21.5","22.8","21.2"
"1738605600000","21.5","513654","-0.10000000000000142","-0.4629629629629695","1.1077","644","21.7","21.8","21.3"
"1738519200000","21.6","535303","0.40000000000000213","1.8867924528301987","1.1592","729","21.6","21.9","21.5"
"1738432800000","21.2","412119","-0.40000000000000213","-1.8518518518518614","0.8764","475","22.3","22.3","20.9"
"1738173600000","21.6","646728","-0.6999999999999993","-3.139013452914795","1.411","548","22.2","22.2","21.5"
"1738087200000","22.3","279191","-0.09999999999999787","-0.44642857142856196","0.6238","260","22.3","22.5","22.3"
"1738000800000","22.4","256470","-0.20000000000000284","-0.8849557522124019","0.5779","278","22.6","22.8","22.4"
"1737914400000","22.6","236209","0.10000000000000142","0.44444444444445075","0.5332","238","22.8","22.8","22.4"
"1737828000000","22.5","271466","-0.1999999999999993","-0.8810572687224639","0.6127","296","22.8","22.9","22.4"
"1737568800000","22.7","328508","-0.1999999999999993","-0.8733624454148442","0.7481","366","22.9","23.1","22.6"
"1737482400000","22.9","511156","-0.10000000000000142","-0.4347826086956583","1.1863","567","23","23.5","22.8"
"1737396000000","23","706758","-0.1999999999999993","-0.8620689655172384","1.6401","578","23.6","23.7","23"
"1737309600000","23.2","561194","0.6999999999999993","3.111111111111108","1.2872999999999999","544","22.5","23.5","22.5"
"1737223200000","22.5","310425","0.10000000000000142","0.44642857142857784","0.6979","286","22.4","22.7","22.3"
"1736964000000","22.4","280508","-0.40000000000000213","-1.75438596491229","0.6348","364","22.9","23","22.3"
"1736877600000","22.8","592911","-0.5999999999999979","-2.564102564102555","1.3714","656","23.3","23.6","22.7"
"1736791200000","23.4","321405","-0.10000000000000142","-0.4255319148936231","0.7577","322","23.4","23.9","23.3"
"1736704800000","23.5","441419","-0.1999999999999993","-0.8438818565400814","1.0361","457","23.7","23.8","23.3"
"1736618400000","23.7","433539","-0.40000000000000213","-1.659751037344407","1.0358","352","24.1","24.2","23.5"
"1736359200000","24.1","398727","0.10000000000000142","0.41666666666667257","0.9632999999999999","352","24.2","24.4","24"
"1736272800000","24","492074","-0.10000000000000142","-0.4149377593361055","1.1797","389","24","24.2","23.8"
"1736186400000","24.1","347847","-0.3999999999999986","-1.632653061224484","0.8452999999999999","398","24.4","24.8","24"
"1736100000000","24.5","508006","0.3999999999999986","1.6597510373443924","1.241","524","24.2","24.7","24"
"1736013600000","24.1","156498","-0.09999999999999787","-0.41322314049585895","0.37429999999999997","251","24.2","24.2","23.6"
"1735754400000","24.2","176763","-0.1999999999999993","-0.8196721311475381","0.4276","206","24.4","24.5","24"
"1735668000000","24.4","191391","0","0","0.46769999999999995","197","24.6","24.7","24.3"
"1735495200000","24.4","297282","-0.20000000000000284","-0.8130081300813123","0.7274","237","24.9","24.9","24.3"
"1735408800000","24.6","187032","0.10000000000000142","0.40816326530612823","0.46230000000000004","201","24.6","24.9","24.6"
"1735149600000","24.5","282188","0","0","0.6935","290","24.6","24.8","24.3"
"1734976800000","24.5","357678","-0.1999999999999993","-0.8097165991902806","0.8764","371","24.8","24.8","24.2"
"1734890400000","24.7","212659","0.1999999999999993","0.816326530612242","0.5244","287","24.5","24.9","24.5"
"1734804000000","24.5","321616","-0.3999999999999986","-1.6064257028112392","0.7934","403","24.9","25.1","24.4"
"1734544800000","24.9","326960","-0.40000000000000213","-1.581027667984198","0.8162","285","25.3","25.3","24.7"
"1734458400000","25.3","543615","-0.1999999999999993","-0.7843137254901933","1.3829","417","25.5","25.7","25.1"
"1734372000000","25.5","660901","0.3000000000000007","1.1904761904761934","1.6896999999999998","558","25.4","26.1","25.2"
"1734199200000","25.2","339193","0.3000000000000007","1.2048192771084365","0.8521000000000001","364","25","25.3","24.8"
"1733940000000","24.9","371211","0.1999999999999993","0.8097165991902806","0.9265000000000001","388","24.7","25.4","24.6"
"1733853600000","24.7","453230","-0.3000000000000007","-1.2000000000000028","1.1305999999999998","437","25.3","25.3","24.5"
"1733767200000","25","559507","-0.6000000000000014","-2.3437500000000053","1.418","533","25.8","25.9","24.7"
"1733680800000","25.6","628184","-0.09999999999999787","-0.3891050583657505","1.6242","615","26","26.3","25.5"
"1733594400000","25.7","701162","0.09999999999999787","0.3906249999999917","1.7815","520","25.2","25.9","24.9"
"1733335200000","25.6","620271","-0.8999999999999986","-3.396226415094334","1.6131","610","26.5","26.6","25.5"
"1733248800000","26.5","3517964","-0.1999999999999993","-0.7490636704119823","9.4535","1962","26.5","27.7","26.1"
"1733076000000","26.7","2242793","0.3000000000000007","1.1363636363636391","5.9686","1539","26.5","26.8","26.4"
"1732989600000","26.4","1003216","0.6999999999999993","2.7237354085603087","2.6134","808","25.7","26.5","25.3"
"1732730400000","25.7","1595542","0","0","4.1385","1102","25.8","26.4","25.6"
"1732644000000","25.7","968397","1.0999999999999979","4.471544715447146","2.4653","862","24.9","25.8","24.8"
"1732557600000","24.6","713280","-0.09999999999999787","-0.40485829959513314","1.7668","551","24.9","25.1","24.5"
"1732471200000","24.7","314808","0.1999999999999993","0.816326530612242","0.7784","358","24.5","25","24.5"
"1732384800000","24.5","531240","0.6000000000000014","2.510460251046031","1.3042","628","23.9","25.2","23.8"
"1732125600000","23.9","489494","-0.6000000000000014","-2.4489795918367405","1.182","486","24.7","24.7","23.8"
"1732039200000","24.5","325278","-0.10000000000000142","-0.40650406504065617","0.8003","447","24.8","24.9","24.4"
"1731952800000","24.6","887471","-0.3999999999999986","-1.5999999999999945","2.1965","766","25","25.1","24.5"
"1731866400000","25","867141","-0.5","-1.9607843137254901","2.2079","772","25.7","26","24.9"
"1731780000000","25.5","1196056","0.6999999999999993","2.8225806451612874","2.9905","1129","24.9","25.7","24.4"
"1731520800000","24.8","781075","0.9000000000000021","3.765690376569047","1.9309","757","24.1","25","24"
"1731434400000","23.9","1268575","-0.8000000000000007","-3.2388663967611366","3.0396","1155","24.5","24.5","23.7"
"1731348000000","24.7","652347","-0.6000000000000014","-2.37154150197629","1.6358000000000001","710","25.6","25.6","24.6"
"1731261600000","25.3","623107","0.10000000000000142","0.39682539682540247","1.5718","634","25.6","25.6","25"
"1731175200000","25.2","751163","-0.8000000000000007","-3.0769230769230793","1.9253","783","26","26.2","25"
"1730916000000","26","856697","-0.1999999999999993","-0.7633587786259515","2.2492","891","26.2","26.7","25.9"
"1730829600000","26.2","1149428","-0.5","-1.8726591760299627","3.0315000000000003","1109","26.7","26.9","26"
"1730743200000","26.7","1910330","-0.3000000000000007","-1.1111111111111138","5.2028","1632","27.5","27.8","26.5"
"1730656800000","27","2304288","1.5","5.88235294117647","6.0819","1594","25.5","27.3","25.3"
"1730570400000","25.5","1012285","-0.5","-1.9230769230769231","2.6126","960","26.5","26.5","25.3"
"1730311200000","26","1680504","0.6000000000000014","2.362204724409455","4.3432","1442","25.4","26.5","24.7"
"1730224800000","25.4","1322105","1","4.0983606557377055","3.3158000000000003","1020","24.6","25.7","24.2"
"1730138400000","24.4","793315","1.0999999999999979","4.7210300429184455","1.9067","955","23.5","24.6","23.1"
"1730052000000","23.3","712940","-0.09999999999999787","-0.4273504273504183","1.689","833","23.7","24.3","23.2"
"1729965600000","23.4","819748","-0.6000000000000014","-2.500000000000006","1.9794","835","24.4","25","23.2"
"1729706400000","24","505833","-0.10000000000000142","-0.4149377593361055","1.1978","531","24.3","24.3","23.2"
"1729620000000","24.1","542664","-1.0999999999999979","-4.365079365079357","1.3302","780","25.3","25.4","23.9"
"1729533600000","25.2","626175","0.6999999999999993","2.857142857142854","1.5676","666","24.8","25.4","24.5"
"1729447200000","24.5","821989","0.10000000000000142","0.40983606557377633","1.9904","904","25","25","23.6"
"1729360800000","24.4","634458","-0.9000000000000021","-3.5573122529644357","1.5714000000000001","715","25.7","25.9","24.1"
"1729101600000","25.3","784039","-1.0999999999999979","-4.166666666666659","2.0289","879","26.7","26.9","24.9"
"1729015200000","26.4","622403","0","0","1.6549","860","26.4","27.2","26.2"
"1728928800000","26.4","932111","-1.1000000000000014","-4.000000000000005","2.4983","963","27.3","27.4","26.3"
"1728842400000","27.5","1546234","-0.10000000000000142","-0.36231884057971525","4.3195","1376","27.8","28.6","27.3"
"1728410400000","27.6","1676967","2","7.8125","4.557","1771","25.8","27.8","25.8"
"1728324000000","25.6","532740","0.7000000000000028","2.8112449799196906","1.3552","637","25.2","26","24.9"
"1728237600000","24.9","422432","-0.8000000000000007","-3.1128404669260727","1.0647","481","25.6","25.9","24.8"
"1728151200000","25.7","508646","0.3000000000000007","1.1811023622047274","1.3196999999999999","641","25.6","26.5","25.6"
"1727892000000","25.4","539892","0.3999999999999986","1.5999999999999945","1.3451","668","25","25.8","24.1"
"1727805600000","25","514631","-1.1000000000000014","-4.214559386973185","1.2962","543","26","26","24.8"
"1727719200000","26.1","690542","0.10000000000000142","0.3846153846153901","1.8189","742","26.1","26.8","25.9"
"1727632800000","26","623207","0.6999999999999993","2.7667984189723294","1.6088","748","25.5","26.3","25.4"
"1727546400000","25.3","728861","-0.8000000000000007","-3.065134099616861","1.8731000000000002","914","26.2","26.5","25"
"1727287200000","26.1","643123","-1.1999999999999993","-4.395604395604393","1.6791","806","27","27.4","24.9"
"1727200800000","27.3","906358","-1.8000000000000007","-6.18556701030928","2.5131","1150","29.6","29.6","27.1"
"1727114400000","29.1","751124","-0.8999999999999986","-2.9999999999999956","2.2143","812","30","30.3","28.8"
"1727028000000","30","604089","-0.6000000000000014","-1.9607843137254948","1.8199999999999998","649","30.9","30.9","29.8"
"1726941600000","30.6","838707","-0.1999999999999993","-0.649350649350647","2.5956","781","31.2","31.4","30.4"
"1726682400000","30.8","545516","0","0","1.6856000000000002","568","30.8","31.2","30.6"
"1726596000000","30.8","700604","-0.3999999999999986","-1.2820512820512775","2.1633","766","31.2","31.4","30.5"
"1726509600000","31.2","1273020","-0.40000000000000213","-1.2658227848101333","4.0408","1189","31.8","32.4","31"
"1726336800000","31.6","1158182","1.3000000000000007","4.290429042904292","3.6332","1144","30.8","32.2","30.2"
"1726077600000","30.3","853521","-0.3000000000000007","-0.9803921568627474","2.5983","817","30.5","30.9","30.1"
"1725991200000","30.6","996248","0.6000000000000014","2.000000000000005","3.0578","1103","30.3","31.3","30"
"1725904800000","30","802253","0.6000000000000014","2.040816326530617","2.3695","1059","31","31","28.9"
"1725818400000","29.4","600503","-1.1000000000000014","-3.6065573770491848","1.7971","926","30.3","30.7","29.1"
"1725732000000","30.5","653080","-0.6999999999999993","-2.2435897435897414","2.0296","703","31.5","31.7","30.3"
"1725472800000","31.2","468731","-0.10000000000000142","-0.31948881789137834","1.4661","644","32.3","32.3","30.9"
"1725386400000","31.3","568593","0.3000000000000007","0.9677419354838732","1.7803999999999998","742","31.4","31.9","31"
"1725300000000","31","669805","-1","-3.125","2.1083","1014","32","32.2","30.7"
"1725213600000","32","1275277","-1.6000000000000014","-4.761904761904765","4.2051","1401","33.6","34.1","31.3"
"1725127200000","33.6","985900","1.3999999999999986","4.347826086956517","3.2683","1165","32.5","33.7","32.4"
"1724868000000","32.2","858446","0.40000000000000213","1.2578616352201324","2.7620999999999998","1137","31.1","32.8","30.7"
"1724781600000","31.8","768635","1.6999999999999993","5.647840531561459","2.3906","1176","30.9","32.1","29.9"
"1724695200000","30.1","695390","-0.8999999999999986","-2.903225806451608","2.0978000000000003","754","30.5","30.9","30.1"
"1724522400000","31","560389","-0.8999999999999986","-2.8213166144200583","1.7442","555","31.9","31.9","31"
"1724263200000","31.9","1136310","-0.8000000000000043","-2.4464831804281473","3.6235","892","31.8","32.7","31.8"
"1724176800000","32.7","543768","-1","-2.9673590504451037","1.7822","620","33.7","33.7","32.7"
"1724090400000","33.7","772286","-0.6999999999999957","-2.03488372093022","2.6275","975","33.5","34.8","33.5"
"1724004000000","34.4","1394413","0.6000000000000014","1.775147928994087","4.795","1309","33.8","35.3","32.9"
"1723917600000","33.8","1217324","-0.7000000000000028","-2.028985507246385","4.1081","1272","33.5","34.6","33.5"
"1723658400000","34.5","219116","-1","-2.8169014084507045","0.756","207","34.5","34.5","34.5"
"1723572000000","35.5","535000","-1","-2.73972602739726","1.9097000000000002","403","36","36.4","35.5"
"1723485600000","36.5","1861276","-1.1000000000000014","-2.9255319148936207","6.859999999999999","1383","37.7","37.7","36.5"
"1723399200000","37.6","3440344","0.7000000000000028","1.8970189701897098","12.878499999999999","3235","37.1","38.5","35.9"
"1723312800000","36.9","3901696","1.7999999999999972","5.12820512820512","14.118500000000001","2975","35.6","38.2","34.1"
"1723053600000","35.1","2498080","1.6000000000000014","4.776119402985079","8.498999999999999","2118","33.5","35.6","32.5"
"1722967200000","33.5","1475452","-0.7999999999999972","-2.3323615160349775","4.9533000000000005","918","35","35","33.3"
"1722880800000","34.3","1562132","0.09999999999999432","0.29239766081869684","5.511699999999999","1316","35.9","37.3","34"
"1722708000000","34.2","16630","-1","-2.840909090909091","0.05689999999999999","24","34.2","34.2","34.2"
"1722448800000","35.2","862395","1.3000000000000043","3.834808259587033","2.9886","936","34.6","35.4","33.9"
"1722362400000","33.9","781836","0.29999999999999716","0.8928571428571344","2.6485","805","33.6","34.8","33.2"
"1722276000000","33.6","987024","-1","-2.8901734104046244","3.3177","618","33.7","33.8","33.6"
"1722189600000","34.6","783988","-1","-2.8089887640449436","2.7268999999999997","630","35.8","35.8","34.6"
"1722103200000","35.6","1052997","-1.1000000000000014","-2.997275204359677","3.8368","998","36.4","37.5","35.6"
"1721844000000","36.7","929648","2.4000000000000057","6.997084548104973","3.3137999999999996","899","33.5","37","33.3"
"1721757600000","34.3","477993","-1","-2.8328611898017","1.6402","247","34.3","34.6","34.3"
"1721239200000","35.3","769740","-0.5","-1.3966480446927376","2.7051","623","35.8","35.8","34.8"
"1721066400000","35.8","1107712","-0.7000000000000028","-1.9178082191780899","3.9601999999999995","1098","36.5","37","35.5"
"1720980000000","36.5","1387367","-1.1000000000000014","-2.9255319148936207","5.1432","1448","37.5","38","36.5"
"1720893600000","37.6","1810040","-1.1000000000000014","-2.8423772609819156","6.823099999999999","1260","37.6","38.3","37.6"
"1720634400000","38.7","1626645","-1.0999999999999943","-2.763819095477373","6.3020000000000005","947","38.8","39.2","38.7"
"1720548000000","39.8","2842248","-1.2000000000000028","-2.9268292682926895","11.4605","2004","41.3","41.9","39.8"
"1720461600000","41","3737105","3","7.894736842105263","14.631499999999999","3082","38.2","41.5","37.5"
"1720375200000","38","2991782","-0.20000000000000284","-0.5235602094240912","11.314400000000001","2383","38.2","38.5","37.1"
"1720288800000","38.2","3533165","1.6000000000000014","4.371584699453555","13.190100000000001","2749","36.8","38.6","36"
"1720029600000","36.6","2384306","1.5","4.273504273504273","8.5464","2023","35.3","37","34.9"
"1719943200000","35.1","1827239","0.20000000000000284","0.5730659025788047","6.4460999999999995","1709","35.1","35.8","34.8"
"1719856800000","34.9","1625605","1.6000000000000014","4.804804804804809","5.5348","1638","33.3","35.4","32.4"
"1719684000000","33.3","1116896","-1","-2.915451895043732","3.7302","901","33.7","33.8","33.3"
"1719424800000","34.3","1466065","-0.6000000000000014","-1.7191977077363938","5.0673","1610","34.6","35.3","34.2"
"1719338400000","34.9","1535041","1.3999999999999986","4.179104477611936","5.2757","1853","33.7","35.3","32.9"
"1719252000000","33.5","1647542","-0.8999999999999986","-2.6162790697674376","5.5545","1542","33.8","34.6","33.4"
"1719165600000","34.4","643204","-1","-2.824858757062147","2.223","591","35.1","35.2","34.4"
"1719079200000","35.4","1352315","-1","-2.7472527472527473","4.8498","1353","36.4","36.9","35.4"
"1718820000000","36.4","1407841","0.3999999999999986","1.1111111111111072","5.1071","1543","36","36.7","35.7"
"1718733600000","36","1395013","-0.5","-1.36986301369863","4.9825","1233","36.1","36.5","35.5"
"1718215200000","36.5","1726794","-1.1000000000000014","-2.9255319148936207","6.408799999999999","1799","37.7","38.2","36.5"
"1718128800000","37.6","2069776","0.8999999999999986","2.4523160762942737","7.8337","2327","37.6","38.5","37.2"
"1718042400000","36.7","1793819","0","0","6.540699999999999","1990","36.2","37.3","35.7"
"1717956000000","36.7","1011968","-1.0999999999999943","-2.910052910052895","3.7506999999999997","1149","37.6","37.8","36.7"
"1717869600000","37.8","2302828","-0.8000000000000043","-2.072538860103638","8.9256","2487","39.5","39.7","37.6"
"1717610400000","38.6","2302448","0.8999999999999986","2.38726790450928","8.5978","2178","36.7","39.2","36.6"
"1717524000000","37.7","1644116","-1.0999999999999943","-2.835051546391738","6.2323","1493","38","38.6","37.7"
"1717437600000","38.8","3314496","-1.2000000000000028","-3.000000000000007","13.2195","3464","40.5","41.2","38.8"
"1717351200000","40","3514293","1.5","3.896103896103896","13.5431","3219","38.3","41","37.4"
"1717264800000","38.5","2569409","-1.1000000000000014","-2.7777777777777812","10.102","2454","39.6","41.3","38.5"
"1717005600000","39.6","2139650","-1.1999999999999957","-2.9411764705882253","8.5064","2026","39.6","41.2","39.6"
"1716919200000","40.8","960577","-1.2000000000000028","-2.857142857142864","3.9198","509","41.1","41.9","40.8"
"1716832800000","42","4445559","-1.2000000000000028","-2.7777777777777843","19.2001","3879","42","45.2","42"
"1716746400000","43.2","870368","-1.2999999999999972","-2.921348314606735","3.7612","408","43.2","43.9","43.2"
"1716660000000","44.5","6709","-1.2999999999999972","-2.8384279475982472","0.0299","23","44.5","44.5","44.5"
"1716400800000","45.8","41113","-1.4000000000000057","-2.9661016949152663","0.1883","100","45.8","45.8","45.8"
"1716228000000","47.2","2547076","-1.3999999999999986","-2.880658436213989","12.313500000000001","2065","48.7","49.7","47.2"
"1716141600000","48.6","3667481","-1.5","-2.9940119760479043","17.8825","2539","49.1","49.8","48.6"
"1716055200000","50.1","3037785","-1.5","-2.9069767441860463","15.4552","2793","52","52.5","50.1"
"1715796000000","51.6","6169419","3.200000000000003","6.61157024793389","30.826100000000004","5324","47.5","52.2","47.5"
"1715709600000","48.4","3715268","-1.3999999999999986","-2.811244979919676","18.072300000000002","2903","49.1","49.6","48.4"
"1715623200000","49.8","5578958","-1.5","-2.9239766081871346","28.1807","4111","52","52","49.8"
"1715536800000","51.3","7514444","2.5","5.122950819672131","38.8335","5691","49.9","53.5","49.6"
"1715450400000","48.8","6469106","4.399999999999999","9.909909909909906","30.8873","2739","44.8","48.8","44"
"1715191200000","44.4","5542559","-0.20000000000000284","-0.44843049327354895","25.2669","4231","44.8","46.7","43.5"
"1715104800000","44.6","6106898","4","9.852216748768472","26.3384","3527","40.8","44.6","40.5"
"1715018400000","40.6","2395694","-1","-2.4038461538461537","9.9404","1941","41.8","42.7","40.4"
"1714932000000","41.6","5061776","2.8000000000000043","7.216494845360836","20.8945","2999","39.2","42.5","39.1"
"1714845600000","38.8","2250376","0.6999999999999957","1.837270341207338","8.7249","1640","38.1","39.4","37.7"
"1714586400000","38.1","1587588","0","0","6.1249","1409","38.1","39.2","37.6"
"1714413600000","38.1","2107883","2.1000000000000014","5.8333333333333375","7.7583","1836","35.9","38.3","35"
"1714327200000","36","809070","-1.1000000000000014","-2.9649595687331574","2.952","771","37.7","37.7","36"
"1714240800000","37.1","1477779","0.10000000000000142","0.2702702702702741","5.5705","1457","37.4","38.4","36.8"
"1713981600000","37","2167406","0.5","1.36986301369863","7.8203000000000005","2082","36.5","37.8","35.5"
"1713895200000","36.5","1864226","1.7000000000000028","4.885057471264377","6.8682","1759","34.8","37.9","34.6"
"1713808800000","34.8","841205","1.2999999999999972","3.880597014925365","2.9443","1189","33.6","36.8","32.8"
"1713722400000","33.5","247811","1.1000000000000014","3.3950617283950666","0.8217000000000001","440","32.7","33.7","32.5"
"1713636000000","32.4","461289","0.8999999999999986","2.8571428571428523","1.4965","733","31.5","32.9","31.4"
"1713376800000","31.5","148408","-0.7000000000000028","-2.1739130434782696","0.47140000000000004","169","32.2","32.3","31.4"
"1713290400000","32.2","247160","0.30000000000000426","0.9404388714733677","0.7986","378","32.7","32.7","32"
"1713204000000","31.9","154807","-0.7000000000000028","-2.14723926380369","0.4995","260","32.4","32.7","31.8"
"1713117600000","32.6","44232","-0.7999999999999972","-2.3952095808383147","0.1442","72","33.2","33.2","32.2"
"1712599200000","33.4","152844","0.6999999999999957","2.1406727828746046","0.5092","304","33.1","34","32.5"
"1712512800000","32.7","140504","1.3000000000000043","4.140127388535046","0.4546","207","31.4","33","31.4"
"1712167200000","31.4","168515","-0.7000000000000028","-2.180685358255461","0.534","230","32.5","33","31.2"
"1712080800000","32.1","226109","-0.10000000000000142","-0.31055900621118454","0.7285999999999999","229","32.4","32.6","31.9"
"1711994400000","32.2","125134","-0.6999999999999957","-2.127659574468072","0.4035","251","32.9","33","31.5"
"1711908000000","32.9","305164","1.0999999999999979","3.459119496855339","1.0084","448","32","34.5","32"
"1711821600000","31.8","132908","0.40000000000000213","1.2738853503184782","0.42400000000000004","239","31.4","32.2","31.4"
"1711562400000","31.4","150159","0.1999999999999993","0.6410256410256387","0.472","215","30.4","31.7","30.4"
"1711476000000","31.2","102309","-0.5","-1.5772870662460567","0.3209","140","31.7","31.7","31.2"
"1711303200000","31.7","197488","-0.5999999999999979","-1.8575851393188791","0.6298","285","32.8","32.8","31.5"
"1711216800000","32.3","301822","-1.5","-4.437869822485208","0.9994","436","33.8","34.1","32"
"1710957600000","33.8","126225","0.09999999999999432","0.2967359050444935","0.42869999999999997","278","34.2","34.3","33.7"
"1710871200000","33.7","208111","0.30000000000000426","0.8982035928143841","0.7051000000000001","349","34.2","34.5","33.5"
"1710784800000","33.4","133355","-0.6000000000000014","-1.7647058823529453","0.44580000000000003","326","33.9","34","33"
"1710698400000","34","327771","-0.5","-1.4492753623188406","1.1202","481","34.1","35","33.6"
"1710352800000","34.5","185234","0.6000000000000014","1.7699115044247828","0.6407","409","33.4","35.1","33"
"1710266400000","33.9","248086","-0.3999999999999986","-1.1661807580174888","0.8422000000000001","283","34.5","34.6","33.5"
"1710180000000","34.3","177447","-0.6000000000000014","-1.7191977077363938","0.6138","242","34.9","35.6","34"
"1710093600000","34.9","376506","-0.6000000000000014","-1.6901408450704265","1.3305","494","35.5","36.2","34.7"
"1710007200000","35.5","138307","-0.7999999999999972","-2.2038567493112873","0.4967","259","36.5","36.6","35.4"
"1709748000000","36.3","504664","-0.7000000000000028","-1.8918918918918997","1.8689","673","36.8","38","36.1"
"1709661600000","37","155119","0","0","0.5745","188","37.3","37.3","36.8"
"1709575200000","37","255891","-0.10000000000000142","-0.26954177897574505","0.9507999999999999","291","37","37.5","37"
"1709488800000","37.1","217344","0.3999999999999986","1.089918256130786","0.8039999999999999","228","37.2","37.3","36.6"
"1709402400000","36.7","245443","-0.5","-1.3440860215053763","0.9047000000000001","371","37.2","37.5","36.6"
"1709143200000","37.2","231386","-0.3999999999999986","-1.0638297872340388","0.8644999999999999","299","37.6","37.8","37.1"
"1709056800000","37.6","370796","0","0","1.3999000000000001","308","37.9","38","37.3"
"1708970400000","37.6","326015","0.5","1.3477088948787062","1.2183","374","37.1","37.9","36.9"
"1708797600000","37.1","697130","-0.19999999999999574","-0.5361930294906053","2.5911999999999997","606","37.8","38.2","36.7"